[
  "Wednesday, January 7, 2026",
  "Thursday, January 8, 2026",
  "Friday, January 9, 2026",
  "Saturday, January 10, 2026",
  "Sunday, January 11, 2026",
  "Monday, January 12, 2026",
  "Tuesday, January 13, 2026",
  "Wednesday, January 14, 2026",
  "Thursday, January 15, 2026",
  "Friday, January 16, 2026",
  "Saturday, January 17, 2026",
  "Sunday, January 18, 2026",
  "Monday, January 19, 2026",
  "Tuesday, January 20, 2026",
  "Wednesday, January 21, 2026",
  "Thursday, January 22, 2026",
  "Friday, January 23, 2026",
  "Saturday, January 24, 2026",
  "Sunday, January 25, 2026",
  "Monday, January 26, 2026",
  "Tuesday, January 27, 2026",
  "Wednesday, January 28, 2026",
  "Thursday, January 29, 2026",
  "Friday, January 30, 2026"
]